,Cover,Author,Title,Pages,Read,Reading,Aband,Plan
0,image_10.jpg,,,,False,False,False,False
,Cover,Author,Title,Pages,Read,Reading,Aband,Plan
0,image_10.jpg,,,,False,False,False,False
1,image_11.jpg,,,,False,False,False,False
,Cover,Author,Title,Pages,Read,Reading,Aband,Plan
0,image_12.jpg,,,,False,False,False,False
,Cover,Author,Title,Pages,Read,Reading,Aband,Plan
0,image_12.jpg,,,,False,False,False,False
1,image_13.jpg,,,,False,False,False,False
,Cover,Author,Title,Pages,Read,Reading,Aband,Plan
0,image_14.jpg,,,,False,False,False,False
,Cover,Author,Title,Pages,Read,Reading,Aband,Plan
0,image_15.jpg,,,,False,False,False,False
,Cover,Author,Title,Pages,Read,Reading,Aband,Plan
0,image_16.jpg,,,,False,False,False,False
,Cover,Author,Title,Pages,Read,Reading,Aband,Plan
0,image_17.jpg,,,,False,False,False,False
,Cover,Author,Title,Pages,Read,Reading,Aband,Plan
0,image_18.jpg,,,,False,False,False,False
,Cover,Author,Title,Pages,Read,Reading,Aband,Plan
0,image_19.jpg,,,,False,False,False,False
,Cover,Author,Title,Pages,Read,Reading,Aband,Plan
0,image_20.jpg,,,,False,False,False,False
,Cover,Author,Title,Pages,Read,Reading,Aband,Plan
0,image_21.jpg,,,,False,False,False,False
,Cover,Author,Title,Pages,Read,Reading,Aband,Plan
0,image_22.jpg,,,,False,False,False,False
,Cover,Author,Title,Pages,Read,Reading,Aband,Plan
0,image_23.jpg,,,,False,False,False,False
,Cover,Author,Title,Pages,Read,Reading,Aband,Plan
0,image_24.jpg,,,,False,False,False,False
,Cover,Author,Title,Pages,Read,Reading,Aband,Plan
0,image_25.jpg,,,,False,False,False,False
,Cover,Author,Title,Pages,Read,Reading,Aband,Plan
0,image_26.jpg,,,,False,False,False,False
,Cover,Author,Title,Pages,Read,Reading,Aband,Plan
0,image_27.jpg,,,,False,False,False,False
,Cover,Author,Title,Pages,Read,Reading,Aband,Plan
0,image_28.jpg,,,,False,False,False,False
,Cover,Author,Title,Pages,Read,Reading,Aband,Plan
0,image_29.jpg,,,,False,False,False,False
,Cover,Author,Title,Pages,Read,Reading,Aband,Plan
0,image_10.jpg,,,,False,False,False,False
,Cover,Author,Title,Pages,Read,Reading,Aband,Plan
0,image_10.jpg,,,,False,False,False,False
1,image_11.jpg,,,,False,False,False,False
,Cover,Author,Title,Pages,Read,Reading,Aband,Plan
0,image_12.jpg,,,,False,False,False,False
,Cover,Author,Title,Pages,Read,Reading,Aband,Plan
0,image_13.jpg,,,,False,False,False,False
,Cover,Author,Title,Pages,Read,Reading,Aband,Plan
0,image_14.jpg,,,,False,False,False,False
,Cover,Author,Title,Pages,Read,Reading,Aband,Plan
0,image_14.jpg,,,,False,False,False,False
1,image_15.jpg,,,,False,False,False,False
,Cover,Author,Title,Pages,Read,Reading,Aband,Plan
0,image_16.jpg,,,,False,False,False,False
,Cover,Author,Title,Pages,Read,Reading,Aband,Plan
0,image_16.jpg,,,,False,False,False,False
1,image_17.jpg,,,,False,False,False,False
,Cover,Author,Title,Pages,Read,Reading,Aband,Plan
0,image_12.jpg,,,,False,False,False,False
,Cover,Author,Title,Pages,Read,Reading,Aband,Plan
0,image_12.jpg,,,,False,False,False,False
1,image_13.jpg,,,,False,False,False,False
,Cover,Author,Title,Pages,Read,Reading,Aband,Plan
0,image_12.jpg,,,,False,False,False,False
1,image_13.jpg,,,,False,False,False,False
2,image_14.jpg,,,,False,False,False,False
,Cover,Author,Title,Pages,Read,Reading,Aband,Plan
0,image_15.jpg,,,,False,False,False,False
,Cover,Author,Title,Pages,Read,Reading,Aband,Plan
0,image_15.jpg,,,,False,False,False,False
1,image_16.jpg,,,,False,False,False,False
,Cover,Author,Title,Pages,Read,Reading,Aband,Plan
0,image_15.jpg,,,,False,False,False,False
1,image_16.jpg,,,,False,False,False,False
2,image_17.jpg,,,,False,False,False,False
,Cover,Author,Title,Pages,Read,Reading,Aband,Plan
0,image_13.jpg,,,,False,False,False,False
,Cover,Author,Title,Pages,Read,Reading,Aband,Plan
0,image_13.jpg,,,,False,False,False,False
1,image_14.jpg,,,,False,False,False,False
,Cover,Author,Title,Pages,Read,Reading,Aband,Plan
0,image_13.jpg,,,,False,False,False,False
1,image_14.jpg,,,,False,False,False,False
2,image_15.jpg,,,,False,False,False,False
,Cover,Author,Title,Pages,Read,Reading,Aband,Plan
0,image_13.jpg,,,,False,False,False,False
,Cover,Author,Title,Pages,Read,Reading,Aband,Plan
0,image_13.jpg,,,,False,False,False,False
1,image_14.jpg,,,,False,False,False,False
,Cover,Author,Title,Pages,Read,Reading,Aband,Plan
0,image_13.jpg,,,,False,False,False,False
,Cover,Author,Title,Pages,Read,Reading,Aband,Plan
0,image_13.jpg,,,,False,False,False,False
1,image_14.jpg,,,,False,False,False,False
,Cover,Author,Title,Pages,Read,Reading,Aband,Plan
0,image_15.jpg,,,,False,False,False,False
,Cover,Author,Title,Pages,Read,Reading,Aband,Plan
0,image_13.jpg,,,,False,False,False,False
,Cover,Author,Title,Pages,Read,Reading,Aband,Plan
0,image_13.jpg,,,,False,False,False,False
1,image_14.jpg,,,,False,False,False,False
,Cover,Author,Title,Pages,Read,Reading,Aband,Plan
0,image_15.jpg,,,,False,False,False,False
,Cover,Author,Title,Pages,Read,Reading,Aband,Plan
0,image_15.jpg,,,,False,False,False,False
1,image_16.jpg,,,,False,False,False,False
,Cover,Author,Title,Pages,Read,Reading,Aband,Plan
0,image_15.jpg,,,,False,False,False,False
1,image_16.jpg,,,,False,False,False,False
2,image_17.jpg,,,,False,False,False,False
,Cover,Author,Title,Pages,Read,Reading,Aband,Plan
0,image_13.jpg,,,,False,False,False,False
,Cover,Author,Title,Pages,Read,Reading,Aband,Plan
0,image_13.jpg,,,,False,False,False,False
1,image_14.jpg,,,,False,False,False,False
,Cover,Author,Title,Pages,Read,Reading,Aband,Plan
0,image_13.jpg,,,,False,False,False,False
,Cover,Author,Title,Pages,Read,Reading,Aband,Plan
0,image_14.jpg,,,,False,False,False,False
,Cover,Author,Title,Pages,Read,Reading,Aband,Plan
0,image_14.jpg,,,,False,False,False,False
1,image_15.jpg,,,,False,False,False,False
,Cover,Author,Title,Pages,Read,Reading,Aband,Plan
0,image_14.jpg,,,,False,False,False,False
1,image_15.jpg,,,,False,False,False,False
2,image_16.jpg,,,,False,False,False,False
,Cover,Author,Title,Pages,Read,Reading,Aband,Plan
0,image_17.jpg,,,,False,False,False,False
,Cover,Author,Title,Pages,Read,Reading,Aband,Plan
0,image_17.jpg,,,,False,False,False,False
1,image_18.jpg,,,,False,False,False,False
,Cover,Author,Title,Pages,Read,Reading,Aband,Plan
0,image_17.jpg,,,,False,False,False,False
1,image_18.jpg,,,,False,False,False,False
2,image_19.jpg,,,,False,False,False,False
,Cover,Author,Title,Pages,Read,Reading,Aband,Plan
0,image_20.jpg,,,,False,False,False,False
,Cover,Author,Title,Pages,Read,Reading,Aband,Plan
0,image_20.jpg,,,,False,False,False,False
1,image_21.jpg,,,,False,False,False,False
,Cover,Author,Title,Pages,Read,Reading,Aband,Plan
0,image_13.jpg,,,,False,False,False,False
,Cover,Author,Title,Pages,Read,Reading,Aband,Plan
0,image_14.jpg,,,,False,False,False,False
,Cover,Author,Title,Pages,Read,Reading,Aband,Plan
0,image_15.jpg,,,,False,False,False,False
,Cover,Author,Title,Pages,Read,Reading,Aband,Plan
0,image_15.jpg,,,,False,False,False,False
1,image_16.jpg,,,,False,False,False,False
,Cover,Author,Title,Pages,Read,Reading,Aband,Plan
0,image_17.jpg,,,,False,False,False,False
,Cover,Author,Title,Pages,Read,Reading,Aband,Plan
0,image_17.jpg,,,,False,False,False,False
1,image_18.jpg,,,,False,False,False,False
,Cover,Author,Title,Pages,Read,Reading,Aband,Plan
0,image_13.jpg,,,,False,False,False,False
,Cover,Author,Title,Pages,Read,Reading,Aband,Plan
0,image_13.jpg,,,,False,False,False,False
1,image_14.jpg,,,,False,False,False,False
,Cover,Author,Title,Pages,Read,Reading,Aband,Plan
0,image_13.jpg,,,,False,False,False,False
1,image_14.jpg,,,,False,False,False,False
2,image_15.jpg,,,,False,False,False,False
,Cover,Author,Title,Pages,Read,Reading,Aband,Plan
0,image_13.jpg,,,,False,False,False,False
,Cover,Author,Title,Pages,Read,Reading,Aband,Plan
0,image_14.jpg,,,,False,False,False,False
,Cover,Author,Title,Pages,Read,Reading,Aband,Plan
0,image_14.jpg,,,,False,False,False,False
1,image_15.jpg,,,,False,False,False,False
,Cover,Author,Title,Pages,Read,Reading,Aband,Plan
0,image_14.jpg,,,,False,False,False,False
1,image_15.jpg,,,,False,False,False,False
2,image_16.jpg,,,,False,False,False,False
image_13.jpg,Джейн Остин,Гордость и предубеждение,250,True,False,False,False
image_13.jpg,Джейн Остин,Гордость и предубеждение,250,True,False,False,False
image_14.jpg,,,,False,False,False,False
image_13.jpg,Джейн Остин,Гордость и предубеждение,250,True,False,False,False
image_14.jpg,,,,False,False,False,False
image_15.jpg,,,,False,False,False,False
